participant_id,f0_mean,f0_min,f0_max,f0_range,f0_sd,intensity_mean,intensity_min,intensity_max,intensity_range,intensity_sd,f1_mean,f1_sd,f2_mean,f2_sd,f3_mean,f3_sd,f2_f1_mean,f3_f1_mean,f2_f1_sd,f3_f1_sd,jitter,shimmer,percent_unvoiced,percent_breaks,max_pause_duration,avg_pause_duration,duration
5,143.54223172257196,75.03677905821624,598.8139818827727,523.7772028245565,94.53457371956516,-45.048798,-57.467655,-26.616463,30.851192,6.136358,712.2092170332126,351.40733661348634,1893.3424289827483,462.84261714638546,2928.368312063653,385.5985432837114,3.092136258894163,4.917452232222759,1.2840066923512772,2.037832349327043,0.02611071042271692,0.19409213762277677,25.012495834721765,3.6891442394918754,2.4899999999999984,0.2953278688524591,144.048
