participant_id,f0_mean,f0_min,f0_max,f0_range,f0_sd,intensity_mean,intensity_min,intensity_max,intensity_range,intensity_sd,f1_mean,f1_sd,f2_mean,f2_sd,f3_mean,f3_sd,f2_f1_mean,f3_f1_mean,f2_f1_sd,f3_f1_sd,jitter,shimmer,percent_unvoiced,percent_breaks,max_pause_duration,avg_pause_duration,duration
5,143.54223172257196,75.03677905821624,598.8139818827727,523.7772028245565,94.53457371956516,-45.048798,-57.467655,-26.616463,30.851192,6.136358,712.2092170332126,351.40733661348634,1893.3424289827483,462.84261714638546,2928.368312063653,385.5985432837114,3.092136258894163,4.917452232222759,1.2840066923512772,2.037832349327043,0.02611071042271692,0.19409213762277677,25.012495834721765,3.6891442394918754,2.4899999999999984,0.2953278688524591,144.048
3,194.53164067671884,74.93033786061116,599.8826675003872,524.952329639776,156.84479609017473,-22.33604,-39.19129,0.0,39.19129,8.249971,688.0886053830984,336.5396110774072,1855.015177890005,451.70836429328835,2950.4588525928652,409.64059236388266,3.1558118079971518,5.078482734923638,1.4097626628672106,2.1006202054699337,0.04423147417760052,0.21153062496496527,18.069000655069516,2.007267693372538,6.240000000000007,0.3424137931034484,439.648
